Fixed Asset,1946,1947,1948,1949,1950,1951,1952,1953,1954,1955,1956,1957,1958,1959,1960,1961,1962,1963,1964,1965,1966,1967,1968,1969,1970,1971,1972,1973,1974,1975,1976,1977,1978,1979,1980,1981,1982,1983,1984,1985,1986,1987,1988,1989,1990,1991,1992,1993,1994,1995,1996,1997,1998,1999,2000,2001,2002,2003,2004,2005,2006,2007,2008,2009,2010,2011,2012,2013,2014,2015,2016,2017,2018,2019
        Private nonresidential fixed assets,221,265.7,291.6,296.7,335.9,366.2,386.3,403.7,414.9,457,505.5,540.6,551.3,573.9,586.9,604.3,626.8,650.6,689.3,738.8,804.3,871.2,957.9,1055.8,1161.7,1275.1,1385.7,1560.5,1893.8,2083.8,2280.1,2532.5,2870.3,3313.9,3800.4,4300,4588.9,4744.7,5041,5332.4,5603.6,5919.1,6311.3,6699.8,7071.3,7242.6,7487,7837.6,8272.9,8723.3,9152.3,9674.8,10226.6,10849.4,11608.8,12189.4,12615.9,13036.2,14150.5,15429.8,16707.3,17653.8,18787.1,18237.6,18684.5,19551.3,20216.9,21073.3,22037.1,22487,23118.3,24000.9,25220,26209.2
          Equipment,53.3,65.5,80.3,84.6,98.8,109.1,114.9,124.4,128.2,141.2,158.6,172.9,178,186.6,192.7,196.1,203.7,212.3,224.9,242.5,270,296.2,326.5,360.1,394.8,422.5,455.1,507.1,625.5,716.2,792.5,891.6,1018,1181.9,1369.9,1528.5,1619.9,1670.5,1758.8,1858,1964.7,2055.3,2178.1,2300.6,2423.7,2482.2,2544.3,2642.4,2784.9,2959.2,3104.1,3235.2,3384.7,3578.7,3805.2,3913.4,3959.3,4000.4,4225.9,4423,4729.2,4952.1,5200.2,5120.2,5224,5459.7,5699.6,5897.2,6138.8,6307,6461.5,6678.7,6992,7227.5
          Structures,158.6,189.6,199.9,200.4,224.2,243.6,256.8,263.1,269.1,296.3,324.9,343.3,346.9,358.4,363,374.6,387.2,399.5,422.5,450.6,483.7,518.7,568.5,625.2,689.4,770.1,841.9,955,1156.4,1246.2,1354.7,1495.1,1689.2,1945.2,2216.6,2526.7,2694.9,2770.2,2943.8,3101.8,3232.5,3415.1,3641.8,3858.7,4055.4,4116.7,4251,4458.5,4696.8,4913.2,5136.2,5445.7,5759.2,6063.8,6468.4,6880.7,7212.5,7514.3,8334,9311.4,10180.9,10772.1,11557.2,11029.7,11286.3,11799.6,12126.7,12641.7,13245,13442.6,13765.4,14248.1,14950.8,15497.2
          Intellectual property products,9.1,10.6,11.3,11.7,12.8,13.6,14.6,16.2,17.7,19.6,22.1,24.4,26.4,29,31.1,33.7,35.9,38.9,41.9,45.8,50.5,56.3,62.8,70.5,77.5,82.5,88.7,98.4,111.9,121.5,132.9,145.8,163.2,186.8,213.8,244.9,274.1,304.1,338.5,372.6,406.4,448.7,491.5,540.5,592.3,643.6,691.7,736.6,791.2,851,912.1,993.8,1082.7,1206.8,1335.1,1395.2,1444,1521.6,1590.6,1695.4,1797.2,1929.6,2029.7,2087.7,2174.2,2292,2390.6,2534.5,2653.3,2737.3,2891.4,3074,3277.2,3484.6
By selected industry group:,,,,,,,,,,,,,,,,,,,,,,,,,,,,,,,,,,,,,,,,,,,,,,,,,,,,,,,,,,,,,,,,,,,,,,,,,,
  Farms,16.1,19.9,22.6,23.6,27.4,29.9,31.3,31.8,31.7,33.9,35.3,36.4,36.1,36.9,37.3,38,39.2,40.8,43,45.7,49.1,52.3,56.1,60.2,65.1,70.7,75.5,84.7,103,113.8,125.6,140.7,159.1,185.9,208,227.5,235.1,235.7,237.5,235.1,235.5,234.9,238.5,243.5,248.4,248.1,247.6,252.7,261.6,268.9,276,286.3,297,302.9,311,319.9,328.3,340.2,366.9,394.4,416.3,430.3,446.5,433.7,438.2,455.8,482.5,521.7,564.6,579.1,592.7,604.2,624.9,635.8
    Equipment,4.8,6.2,8.3,9.5,11.3,12.5,13.3,13.9,13.8,14.6,14.8,15.5,16,16.5,16.7,16.7,17.1,17.8,18.6,20.1,21.9,23.7,25.1,26.8,28.8,30.6,32.4,37.2,47.2,54.1,60.6,67.8,76.2,89.6,99.4,109.8,111.9,109.3,106.6,102.2,99.7,96.1,96.6,98.6,101.7,102.7,101.3,102.5,105.7,110.6,114.3,120.2,125.8,126.1,126.8,129,133,138.9,149.4,157.4,163.8,171.2,184.4,189.6,196.1,208.8,226.7,248.5,275.2,280.5,277.7,276,281.7,284.1
    Structures,11.3,13.7,14.3,14.1,16.1,17.4,18,17.8,17.9,19.3,20.5,21,20.1,20.4,20.6,21.2,22.1,23,24.4,25.6,27.1,28.6,31,33.4,36.2,40.1,43.1,47.5,55.8,59.8,65,72.9,82.9,96.3,108.6,117.8,123.2,126.5,130.9,132.9,135.8,138.8,141.9,144.8,146.6,145.3,146.1,149.9,155.6,158,161.4,165.8,170.9,176.5,184,190.8,195.1,201.2,217.4,237,252.4,259.1,262,244,242.1,247,255.7,273.1,289.3,298.5,314.9,328.1,343.2,351.6
    Intellectual property products,0,0,0,0,0,0,0,0,0,0,0,0,0,0,0,0,0,0,0,0,0,0,0,0,0,0,0,0,0,0,0,0,0,0,0,0,0,0,0,0,0,0,0,0,0.1,0.1,0.2,0.3,0.3,0.3,0.3,0.4,0.3,0.3,0.2,0.2,0.1,0.1,0.1,0.1,0.1,0.1,0.1,0.1,0.1,0.1,0.1,0.1,0.1,0.1,0.1,0.1,0.1,0.1
  Manufacturing,40.8,49.9,55.4,54.8,62.7,69.1,73.3,77.4,80.2,88.8,101.3,110.3,111.6,115.4,118.8,122.2,127.3,132.5,141.3,153.2,171.8,188.7,209.7,231.8,255.2,277.4,298.6,331.5,401.5,448.2,490.9,547.2,617.8,712.6,820.7,911.2,971.2,1002.5,1052.7,1116,1174.7,1233,1292.3,1360.6,1437,1482.6,1535.4,1586.6,1671.4,1768,1863.5,1963.1,2071.5,2168.8,2272.3,2339,2369.4,2407,2515,2649,2776.9,2945.6,3133,3088.4,3137,3263.3,3355.4,3491.4,3590.2,3643.4,3723.6,3873.2,4058.2,4212.9
    Equipment,17.7,21.8,26.2,26.6,31.1,34,35.8,38.9,40.5,44.6,51.4,56.3,57.1,59.1,60.4,60.7,62.6,64.4,68.3,74.2,83.9,92.3,101.6,110.6,120.3,126.9,133.9,146.2,182.8,213.9,237.9,268.7,304.3,350.7,407.5,450.6,474,478,494.7,525.2,552.5,576.6,601.6,632.6,676.1,698.7,718.9,738.5,773.3,821.5,858.8,885.7,919.6,944.9,972.6,985,989,993.5,1021.4,1051,1093,1144.4,1208,1196.2,1207.7,1253.8,1291.3,1315.3,1340.5,1353.8,1369.9,1403.4,1449,1482.7
    Structures,20.5,24.8,25.6,24.5,27.4,30.4,32,32.2,32.5,35.8,39.9,42.7,41.7,42.1,42.7,44.5,46.3,48.2,51.5,55.7,62,67.7,75.8,84.6,94.2,106.5,116.7,130.1,154.6,164.4,176.6,195.2,220.9,255.9,291.2,321.1,343.1,356,374.3,390.9,409,425,442,462.3,478.3,482.6,496.7,516.1,542.9,564.3,591.8,624.2,658.3,687.3,719,753.4,770.8,773.5,827.7,883.8,928.1,976.5,1049.6,989.5,984.3,1012.9,1028.7,1073,1098.7,1118.8,1122.9,1165.2,1230.9,1278.2
    Intellectual property products,2.7,3.2,3.6,3.7,4.3,4.7,5.4,6.4,7.2,8.3,10,11.4,12.8,14.2,15.7,17,18.4,19.9,21.5,23.4,25.9,28.7,32.4,36.7,40.7,44,48,55.2,64.2,69.9,76.3,83.3,92.7,105.9,122,139.6,154.2,168.5,183.7,199.9,213.2,231.3,248.6,265.8,282.6,301.3,319.8,332.1,355.3,382.2,412.9,453.1,493.7,536.6,580.6,600.7,609.6,640,665.9,714.2,755.8,824.7,875.3,902.6,945,996.7,1035.3,1103.1,1151,1170.8,1230.9,1304.6,1378.4,1452
  Nonfarm nonmanufacturing,164.1,196,213.6,218.3,245.8,267.3,281.7,294.6,303,334.3,368.9,393.8,403.6,421.7,430.8,444.2,460.3,477.3,505,539.9,583.4,630.3,692.1,763.8,841.4,927,1011.7,1144.3,1389.3,1521.8,1663.7,1844.7,2093.4,2415.5,2771.7,3161.3,3382.6,3506.5,3750.8,3981.3,4193.5,4451.2,4780.5,5095.7,5385.9,5511.8,5704,5998.3,6339.9,6686.5,7012.9,7425.4,7858,8377.7,9025.5,9530.4,9918.2,10289,11268.6,12386.4,13514,14277.9,15207.7,14715.5,15109.3,15832.2,16379.1,17060.2,17882.3,18264.4,18802,19523.5,20536.8,21360.5
    Equipment,30.8,37.6,45.9,48.5,56.5,62.6,65.8,71.6,73.9,82,92.3,101.2,104.9,110.9,115.6,118.7,124,130,138,148.3,164.2,180.2,199.8,222.8,245.6,264.9,288.8,323.7,395.6,448.2,493.9,555.1,637.5,741.6,863,968.1,1034,1083.2,1157.5,1230.5,1312.6,1382.6,1479.8,1569.4,1645.8,1680.8,1724.2,1801.4,1905.9,2027.1,2131,2229.3,2339.3,2507.8,2705.8,2799.4,2837.3,2868,3055.1,3214.7,3472.4,3636.6,3807.8,3734.3,3820.3,3997.2,4181.6,4333.3,4523.2,4672.7,4813.9,4999.4,5261.3,5460.6
    Structures,126.8,151.1,160,161.8,180.8,195.8,206.7,213.1,218.7,241.1,264.5,279.6,285.1,296,299.7,308.9,318.8,328.2,346.6,369.2,394.6,422.4,461.8,507.2,558.9,623.5,682.1,777.4,946,1022.1,1113.1,1227,1385.5,1593,1816.8,2087.8,2228.7,2287.7,2438.6,2578,2687.7,2851.2,3057.8,3251.6,3430.4,3488.8,3608.2,3792.6,3998.4,4190.9,4383,4655.7,4930,5200,5565.4,5936.6,6246.6,6539.5,7288.9,8190.6,9000.3,9536.4,10245.6,9796.2,10059.8,10539.7,10842.3,11295.6,11857,12025.3,12327.7,12754.7,13376.8,13867.3
    Intellectual property products,6.4,7.3,7.7,8,8.6,8.9,9.2,9.9,10.5,11.2,12.1,13,13.6,14.8,15.5,16.7,17.5,19,20.4,22.5,24.6,27.6,30.5,33.9,36.9,38.5,40.7,43.3,47.8,51.5,56.6,62.6,70.5,80.9,91.8,105.3,119.9,135.5,154.7,172.8,193.2,217.4,242.9,274.7,309.6,342.2,371.7,404.3,435.6,468.5,498.9,540.3,588.6,669.9,754.2,794.4,834.2,881.5,924.6,981.2,1041.3,1104.8,1154.3,1185,1229.2,1295.2,1355.3,1431.3,1502.2,1566.4,1660.4,1769.3,1898.7,2032.6
By legal form of organization:,,,,,,,,,,,,,,,,,,,,,,,,,,,,,,,,,,,,,,,,,,,,,,,,,,,,,,,,,,,,,,,,,,,,,,,,,,
  Corporate,164.4,196.1,214.8,218.8,245.6,266.7,282.7,297.6,306.9,338.1,376.1,404.4,413.2,430.5,440.2,452,467.1,483.1,510.1,546.3,595,646.8,712.8,787.2,866.8,948.4,1028.5,1159.9,1418.3,1573,1728.4,1921.6,2182.3,2518.1,2894.4,3279.1,3497.8,3614.2,3841.7,4063.7,4260.2,4493.5,4786.9,5080.7,5378.6,5521.9,5720.4,6000.6,6344.4,6721,7076.1,7491.9,7913.5,8394.2,8987.9,9421.4,9716.1,10003.4,10831,11785.5,12735.1,13441.6,14310.1,13885.2,14261.7,14957.1,15480.3,16112.1,16872.5,17188.4,17649.6,18306.9,19214,19960.3
    Equipment,40,48.2,58.2,60.5,69.9,76.9,81.4,88.7,92,101.9,116.4,128.3,132.4,139.3,144.9,148.2,154.8,161.8,172.2,186.6,209.3,231.3,257.1,285.1,313.6,336.2,363.2,404.3,500,575.9,638.6,721.2,825.1,958.2,1117.1,1246.4,1324.4,1370,1448.6,1537.7,1631.1,1709.5,1812.8,1917.5,2028.7,2082.7,2141.4,2231.5,2359.9,2517.9,2651.1,2768.3,2895.8,3062,3253.2,3332.8,3349.1,3363.6,3538,3688.4,3933.7,4104.3,4292.3,4204.2,4279.1,4468.9,4663.8,4814.9,5004.8,5140.6,5265.8,5449.7,5711,5906.1
    Structures,117.8,140.2,148.2,149.8,166.2,179.6,190.3,196.4,201.2,221,242.2,256.6,259.6,267.8,270.1,276.5,283.1,289.5,303.5,321.9,343.7,368.2,402.6,442.1,486.9,541.3,588.6,669.9,820.2,890.4,972.7,1071.3,1212.9,1394.6,1588.1,1815.9,1930,1973.4,2090.9,2192.8,2265.9,2384.4,2540.5,2689.7,2833.7,2880.6,2981.3,3133.5,3302.4,3468.6,3636.1,3862.3,4079.6,4286.3,4577.4,4880,5119.9,5328.2,5923.6,6637.8,7254.3,7676.7,8273,7890.1,8119.6,8525.2,8771.8,9132.8,9602.5,9713,9917.6,10230.8,10698.6,11067.8
    Intellectual property products,6.7,7.8,8.4,8.6,9.5,10.1,11,12.4,13.7,15.3,17.5,19.5,21.2,23.3,25.2,27.3,29.2,31.7,34.3,37.8,42,47.3,53.1,60.1,66.3,70.9,76.7,85.7,98,106.7,117.1,129,144.4,165.3,189.2,216.9,243.4,270.8,302.2,333.2,363.2,399.6,433.6,473.6,516.2,558.5,597.7,635.5,682.2,734.5,789,861.3,938,1045.9,1157.2,1208.7,1247.1,1311.7,1369.4,1459.3,1547.1,1660.6,1744.7,1790.9,1863.1,1963,2044.8,2164.4,2265.2,2334.9,2466.3,2626.4,2804.4,2986.4
    By corporate industry group:,,,,,,,,,,,,,,,,,,,,,,,,,,,,,,,,,,,,,,,,,,,,,,,,,,,,,,,,,,,,,,,,,,,,,,,,,,
      Farms,0.3,0.4,0.5,0.5,0.6,0.6,0.7,0.7,0.7,0.8,0.9,1,1.1,1.2,1.3,1.4,1.5,1.6,1.8,2,2.2,2.4,2.7,3,3.3,3.6,4,4.6,5.8,6.9,7.9,9.2,10.7,12.9,14.8,16.5,17.3,17.4,17.4,17.4,17.6,17.9,18.2,18.8,19.6,20.1,20.3,21.4,23.3,25.6,27.9,30.4,33.6,36.2,39.9,44.5,50.3,56.5,65.1,73.2,80,86.1,94,96.1,100.3,107.7,117.4,129.6,144.1,149,152.4,155.8,161.8,165.3
        Equipment,0.1,0.1,0.2,0.2,0.2,0.3,0.3,0.3,0.4,0.4,0.5,0.5,0.6,0.7,0.7,0.8,0.8,0.9,1,1.1,1.2,1.4,1.5,1.7,1.9,2,2.2,2.5,3.4,4.1,4.7,5.4,6.2,7.5,8.5,9.6,10,9.8,9.5,9.3,9.3,9.2,9.4,9.7,10.3,10.7,10.8,11.5,12.6,14.3,15.8,17.8,20.2,21.8,24,27,31.1,35.3,40.8,45.3,49.1,53,58.7,61.6,64.6,69.6,76.3,84.3,94,96.1,95.4,95,97.2,98.2
        Structures,0.2,0.3,0.3,0.3,0.3,0.3,0.4,0.4,0.4,0.4,0.5,0.5,0.5,0.5,0.6,0.6,0.7,0.7,0.8,0.9,0.9,1,1.2,1.3,1.4,1.6,1.8,2,2.5,2.8,3.2,3.8,4.5,5.4,6.2,6.9,7.3,7.6,7.9,8.1,8.3,8.6,8.9,9.1,9.3,9.3,9.5,9.9,10.6,11.3,12,12.5,13.3,14.3,15.8,17.5,19.2,21.1,24.3,27.9,30.9,33.1,35.3,34.4,35.6,38.1,41,45.3,50.1,52.8,57,60.8,64.6,67.1
        Intellectual property products,0,0,0,0,0,0,0,0,0,0,0,0,0,0,0,0,0,0,0,0,0,0,0,0,0,0,0,0,0,0,0,0,0,0,0,0,0,0,0,0,0,0,0,0,0,0,0,0,0,0.1,0.1,0.1,0.1,0.1,0.1,0,0,0,0,0,0,0,0,0,0,0,0,0,0,0,0,0,0,0
      Manufacturing,38.7,47.2,52.5,52,59.5,65.6,69.7,73.8,76.6,84.8,96.9,105.7,106.9,110.6,113.9,117.2,122.3,127.5,136.1,147.9,166.2,183,203.7,225.5,248.5,270.3,291.1,323.4,392,437.9,479.9,535.2,603.9,696.3,802.1,890.7,949.6,980.2,1029.4,1091.5,1149,1206,1261.9,1327,1400.4,1443.7,1494.1,1543,1624.3,1716.7,1807.8,1902.4,2004.3,2094,2188.4,2246.9,2270.2,2301.2,2400.8,2524.9,2643.6,2801.1,2976.1,2929.7,2972.1,3087.7,3168.4,3290.7,3378.7,3424.8,3496.2,3633.4,3803.6,3945.5
        Equipment,16.7,20.5,24.7,25.1,29.4,32.2,34,37,38.6,42.6,49.1,53.8,54.6,56.5,57.8,58.2,60.1,61.9,65.7,71.5,81.1,89.5,98.6,107.5,117.2,123.7,130.6,142.7,178.6,209.2,232.9,263.2,298,343.4,399.2,441.5,464.3,468.2,484.5,514.3,541,564.4,588.8,619.1,661.8,684.1,703.8,722.8,756.3,802.7,838.2,863.6,894.8,916.8,940.3,948.4,948.1,949,972.8,998,1035.6,1082.6,1140.4,1127,1135.1,1175.4,1206.5,1224.6,1244.6,1254.5,1266.8,1295.7,1335.9,1365.4
        Structures,19.4,23.5,24.3,23.2,26,28.8,30.5,30.6,31,34.2,38.1,40.8,39.9,40.2,40.9,42.6,44.3,46.2,49.5,53.5,59.8,65.3,73.3,81.9,91.3,103.3,113.3,126.4,150.3,159.8,171.8,189.9,214.7,248.7,283,312.1,333.7,346.3,364.2,380.5,398.2,413.9,430.4,450.2,465.9,470.2,484,502.9,529.1,550,576.8,608.2,641.1,668.7,698.7,730.8,746.5,748.4,800,853.4,895.4,941,1010.5,951.8,946,972.5,986,1026.7,1049.7,1067.4,1069.9,1108.8,1169.7,1213.1
        Intellectual property products,2.6,3.1,3.5,3.6,4.1,4.6,5.2,6.2,7,8.1,9.7,11.1,12.4,13.8,15.2,16.5,17.9,19.4,21,22.8,25.3,28.1,31.8,36,40,43.2,47.2,54.3,63.1,68.8,75.1,82,91.2,104.2,119.9,137.2,151.6,165.7,180.8,196.7,209.8,227.8,242.7,257.7,272.6,289.5,306.3,317.3,338.9,364,392.7,430.6,468.4,508.5,549.4,567.6,575.5,603.8,628.1,673.4,712.6,777.5,825.2,850.9,890.9,939.7,975.9,1039.5,1084.4,1103,1159.5,1228.8,1297.9,1367
      Nonfarm nonmanufacturing,125.4,148.5,161.9,166.4,185.5,200.5,212.3,223.1,229.6,252.5,278.3,297.7,305.2,318.7,325,333.4,343.3,354,372.2,396.4,426.7,461.4,506.5,558.8,615,674.5,733.4,831.9,1020.4,1128.2,1240.6,1377.2,1567.7,1808.9,2077.6,2371.9,2531,2616.6,2794.9,2954.8,3093.5,3269.6,3506.8,3734.9,3958.6,4058,4205.9,4436.2,4696.9,4978.7,5240.4,5559.2,5875.6,6264,6759.6,7130,7395.6,7645.8,8365.1,9187.4,10011.6,10554.4,11239.9,10859.4,11189.3,11761.7,12194.6,12691.8,13349.8,13614.6,14001,14517.7,15248.7,15849.5
        Equipment,23.2,27.5,33.4,35.1,40.2,44.5,47.1,51.4,53.1,58.9,66.9,73.9,77.1,82.1,86.3,89.3,93.9,99.1,105.5,114,127,140.4,156.9,175.9,194.5,210.5,230.4,259,318.1,362.6,401,452.6,520.8,607.3,709.5,795.3,850.1,892,954.6,1014.1,1080.9,1135.9,1214.7,1288.8,1356.5,1387.9,1426.7,1497.3,1591,1700.9,1797,1886.9,1980.9,2123.4,2288.9,2357.4,2369.9,2379.2,2524.4,2645.1,2849.1,2968.7,3093.2,3015.6,3079.3,3223.8,3381,3506,3666.2,3789.9,3903.5,4058.9,4277.9,4442.6
        Structures,98.2,116.4,123.7,126.3,139.9,150.4,159.4,165.4,169.9,186.4,203.6,215.3,219.3,227.1,228.6,233.4,238.1,242.6,253.3,267.5,283,301.9,328.2,358.9,394.2,436.3,473.6,541.5,667.5,727.7,797.6,877.6,993.7,1140.6,1298.8,1496.9,1589.1,1619.5,1718.8,1804.2,1859.3,1961.9,2101.2,2230.3,2358.5,2401.1,2487.8,2620.7,2762.6,2907.4,3047.2,3241.6,3425.3,3603.3,3862.9,4131.6,4354.1,4558.7,5099.4,5756.5,6328,6702.6,7227.2,6903.9,7137.9,7514.6,7744.7,8060.8,8502.7,8592.8,8790.7,9061.2,9464.3,9787.6
        Intellectual property products,4.1,4.6,4.9,5,5.4,5.6,5.8,6.3,6.7,7.2,7.8,8.4,8.8,9.5,10,10.8,11.3,12.3,13.4,14.9,16.7,19.1,21.4,24.1,26.4,27.7,29.5,31.4,34.9,37.9,42,47,53.1,61.1,69.3,79.7,91.8,105,121.4,136.5,153.3,171.8,191,215.8,243.6,269,291.4,318.1,343.2,370.4,396.2,430.7,469.5,537.3,607.8,641,671.6,707.9,741.3,785.8,834.4,883.1,919.5,940,972.1,1023.3,1068.8,1124.9,1180.8,1231.9,1306.7,1397.6,1506.5,1619.3
    By corporate financial and nonfinancial:,,,,,,,,,,,,,,,,,,,,,,,,,,,,,,,,,,,,,,,,,,,,,,,,,,,,,,,,,,,,,,,,,,,,,,,,,,
      Financial,5.6,6.7,7.2,6.7,7.4,8.6,9,9.2,9.2,10.3,11.9,12.7,13.1,13.7,14.3,15.2,16.3,17.3,19.1,21,23.3,25.8,29.7,34,38.2,43.6,49.1,57.1,71.4,80.7,90.7,103.3,120.6,145.3,173.9,203.2,229.8,252.9,285.3,322.1,365.3,406.3,452.7,502.7,547.7,570.3,596.7,631.1,674.7,708.5,744.8,788.5,852.6,924.3,990.2,1032.7,1067.2,1096.1,1192.6,1288.7,1381.6,1454.6,1530.9,1466.4,1458.8,1499.2,1531.5,1577.9,1625.5,1677.3,1734.2,1794.1,1885.9,1959
        Equipment,0.8,1,1.2,1.3,1.5,1.7,1.8,2,2,2.3,2.6,2.8,2.9,3,3.1,3.2,3.4,3.5,3.9,4.6,5.3,6.3,7.6,9.1,10.3,11.7,13.4,16.2,21.6,26.1,30.7,35.6,43,53,64.8,76.7,86.3,95.3,108.4,122.4,141,157.9,179.2,200.1,216.9,223.1,227.6,239.1,255.5,271,284.7,293.2,315.7,343.9,367.2,373.3,382.9,390.5,416.4,433.5,455.8,473,477.3,449.1,447.3,458.3,475.9,496,522.4,549.5,573.6,587.2,607.1,621.8
        Structures,4.8,5.7,6,5.4,5.9,6.9,7.2,7.2,7.2,8,9.3,9.9,10.2,10.7,11.1,11.9,12.8,13.6,15,16.2,17.7,19,21.6,24.1,26.8,30.7,34.3,39.1,47.4,51.4,56.2,63.5,72.9,86.8,102.8,119.3,134.9,147.6,165.2,186.3,209.2,230.8,252.7,278,301.5,313.8,331.5,350.9,375.9,393.5,415.6,449.9,485.5,518.9,550.7,580.9,601.4,619.4,685.3,760.9,828.5,877.1,941.3,898.1,890.5,911.6,915.9,933.8,949.7,966.3,985.9,1020.6,1078.6,1121.9
        Intellectual property products,0,0,0,0,0,0,0,0,0,0,0,0,0,0,0,0.1,0.1,0.1,0.2,0.3,0.4,0.5,0.6,0.8,1,1.2,1.4,1.8,2.4,3.1,3.8,4.2,4.7,5.5,6.4,7.3,8.6,10,11.7,13.4,15.2,17.6,20.7,24.6,29.3,33.5,37.6,41.1,43.4,44,44.4,45.4,51.3,61.4,72.4,78.4,82.8,86.2,91,94.3,97.2,104.5,112.3,119.2,121,129.3,139.7,148.1,153.4,161.5,174.7,186.2,200.3,215.3
      Nonfinancial,158.9,189.5,207.6,212.2,238.1,258.1,273.7,288.4,297.7,327.8,364.2,391.7,400.1,416.8,425.9,436.9,450.8,465.8,491,525.2,571.7,621,683.1,753.2,828.7,904.8,979.4,1102.9,1346.9,1492.3,1637.6,1818.2,2061.7,2372.9,2720.5,3075.9,3268,3361.3,3556.4,3741.7,3894.9,4087.2,4334.2,4578,4830.9,4951.5,5123.7,5369.5,5669.7,6012.5,6331.4,6703.4,7060.9,7470,7997.7,8388.8,8648.9,8907.4,9638.4,10496.8,11353.5,11987,12779.1,12418.8,12802.9,13458,13948.8,14534.3,15247,15511.1,15915.3,16512.8,17328.2,18001.3
        Equipment,39.2,47.2,57.1,59.2,68.4,75.3,79.6,86.7,90,99.6,113.9,125.5,129.5,136.3,141.8,145,151.4,158.3,168.3,182.1,204,225,249.5,276,303.2,324.5,349.8,388.1,478.5,549.7,607.9,685.6,782.1,905.2,1052.4,1169.7,1238.1,1274.7,1340.2,1415.3,1490.2,1551.7,1633.6,1717.4,1811.8,1859.7,1913.8,1992.5,2104.4,2246.9,2366.4,2475.1,2580.1,2718.1,2886,2959.5,2966.1,2973.1,3121.6,3254.9,3477.9,3631.3,3815.1,3755,3831.7,4010.6,4187.9,4318.9,4482.4,4591.1,4692.2,4862.4,5103.9,5284.3
        Structures,113,134.5,142.2,144.4,160.3,172.7,183.1,189.2,194.1,213,232.9,246.7,249.4,257.2,259,264.6,270.3,275.9,288.6,305.7,326.1,349.2,381.1,417.9,460.1,510.5,554.3,630.8,772.8,839,916.5,1007.8,1139.9,1307.8,1485.3,1696.6,1795.1,1825.8,1925.7,2006.6,2056.7,2153.5,2287.8,2411.6,2532.2,2566.9,2649.8,2782.6,2926.5,3075.2,3220.4,3412.4,3594.1,3767.4,4026.8,4299,4518.5,4708.8,5238.4,5876.9,6425.8,6799.6,7331.7,6992.1,7229.2,7613.7,7855.8,8199,8652.8,8746.6,8931.6,9210.2,9620.1,9945.9
        Intellectual property products,6.7,7.8,8.4,8.6,9.5,10.1,11,12.4,13.6,15.2,17.5,19.5,21.2,23.3,25.2,27.2,29.1,31.6,34.2,37.5,41.6,46.8,52.5,59.3,65.3,69.7,75.3,84,95.6,103.6,113.3,124.8,139.7,159.8,182.8,209.6,234.8,260.7,290.4,319.8,348,382,412.9,448.9,486.9,525,560.1,594.4,638.8,690.5,744.6,815.9,886.7,984.5,1084.8,1130.3,1164.3,1225.5,1278.5,1365,1449.8,1556.2,1632.4,1671.7,1742,1833.7,1905.1,2016.3,2111.8,2173.4,2291.5,2440.2,2604.2,2771
  Noncorporate,56.6,69.6,76.7,77.8,90.3,99.5,103.6,106.2,108,118.9,129.4,136.3,138.2,143.5,146.7,152.3,159.7,167.5,179.2,192.6,209.3,224.5,245,268.6,294.9,326.7,357.3,400.6,475.5,510.9,551.8,611,688.1,795.8,906,1020.9,1091.1,1130.5,1199.3,1268.6,1343.4,1425.6,1524.4,1619.1,1692.8,1720.7,1766.6,1837,1928.5,2002.3,2076.2,2182.8,2313.1,2455.1,2620.9,2767.9,2899.8,3032.8,3319.5,3644.3,3972.2,4212.2,4477.1,4352.4,4422.7,4594.2,4736.6,4961.2,5164.6,5298.5,5468.7,5694,6005.9,6248.9
    Equipment,13.3,17.4,22.1,24.2,29,32.1,33.5,35.7,36.1,39.4,42.1,44.7,45.7,47.2,47.8,47.9,48.9,50.4,52.7,55.8,60.7,64.9,69.4,75,81.2,86.3,92,102.8,125.5,140.3,153.9,170.4,192.9,223.7,252.8,282.1,295.6,300.4,310.2,320.2,333.6,345.8,365.3,383.1,395,399.5,402.9,410.9,425.1,441.3,453,467,488.9,516.8,552,580.6,610.3,636.8,687.9,734.6,795.5,847.9,907.9,916,944.9,990.8,1035.8,1082.2,1134,1166.5,1195.8,1229.1,1281,1321.3
    Structures,40.8,49.4,51.7,50.6,58,63.9,66.5,66.7,67.8,75.3,82.7,86.7,87.3,90.6,93,98,104.1,110,119,128.7,140,150.5,165.9,183.1,202.4,228.8,253.3,285.1,336.1,355.8,382.1,423.8,476.3,550.5,628.6,710.8,764.9,796.8,852.8,909,966.6,1030.7,1101.3,1169,1221.7,1236.1,1269.7,1325,1394.5,1444.5,1500.1,1583.4,1679.6,1777.5,1891,2000.8,2092.6,2186.1,2410.3,2673.6,2926.5,3095.4,3284.2,3139.6,3166.7,3274.4,3354.9,3508.8,3642.6,3729.6,3847.9,4017.3,4252.2,4429.4
    Intellectual property products,2.5,2.8,3,3.1,3.4,3.5,3.6,3.8,4,4.3,4.6,4.9,5.2,5.7,5.9,6.4,6.7,7.2,7.6,8,8.5,9.1,9.7,10.5,11.2,11.6,12,12.7,13.9,14.8,15.8,16.8,18.8,21.5,24.6,28.1,30.7,33.3,36.3,39.5,43.3,49.1,57.8,67,76.1,85.1,94,101.1,109,116.5,123.1,132.5,144.6,160.9,177.9,186.5,196.9,209.9,221.2,236.2,250.2,269,285,296.8,311.1,329,345.8,370.1,388.1,402.4,425.1,447.6,472.7,498.3
    By noncorporate industry group:,,,,,,,,,,,,,,,,,,,,,,,,,,,,,,,,,,,,,,,,,,,,,,,,,,,,,,,,,,,,,,,,,,,,,,,,,,
      Farms,15.8,19.5,22.1,23.1,26.8,29.3,30.7,31.1,30.9,33.1,34.4,35.4,35,35.7,36,36.6,37.7,39.2,41.2,43.7,46.9,49.9,53.4,57.2,61.8,67.1,71.5,80.1,97.1,106.9,117.7,131.5,148.4,173,193.2,211,217.8,218.4,220.1,217.6,217.8,217.1,220.3,224.7,228.8,228.1,227.3,231.3,238.3,243.3,248,255.9,263.5,266.7,271.2,275.4,277.9,283.8,301.8,321.2,336.3,344.3,352.4,337.6,337.9,348.1,365.1,392,420.6,430.2,440.3,448.4,463.1,470.5
        Equipment,4.7,6,8.1,9.3,11.1,12.2,13,13.6,13.5,14.2,14.3,14.9,15.4,15.9,16,15.9,16.3,16.9,17.6,19,20.7,22.3,23.6,25.1,27,28.6,30.2,34.7,43.8,50,55.9,62.3,70,82.1,90.8,100.1,102,99.5,97.1,92.9,90.4,86.8,87.2,89,91.4,92,90.5,91,93.1,96.3,98.4,102.4,105.6,104.3,102.8,102,102,103.5,108.6,112,114.8,118.2,125.8,128,131.4,139.1,150.4,164.2,181.3,184.4,182.4,181,184.5,185.9
        Structures,11,13.4,14,13.8,15.7,17,17.7,17.5,17.5,18.9,20.1,20.5,19.6,19.9,20,20.6,21.4,22.3,23.6,24.8,26.2,27.6,29.8,32.1,34.8,38.5,41.3,45.5,53.3,56.9,61.8,69.2,78.4,90.9,102.4,110.9,115.9,118.9,123,124.8,127.5,130.2,133.1,135.7,137.3,136,136.6,140,145,146.7,149.3,153.3,157.6,162.2,168.2,173.3,175.9,180.1,193.1,209.1,221.5,226,226.6,209.6,206.5,208.9,214.7,227.8,239.3,245.7,257.9,267.3,278.6,284.5
        Intellectual property products,0,0,0,0,0,0,0,0,0,0,0,0,0,0,0,0,0,0,0,0,0,0,0,0,0,0,0,0,0,0,0,0,0,0,0,0,0,0,0,0,0,0,0,0,0.1,0.1,0.2,0.2,0.2,0.3,0.3,0.3,0.3,0.2,0.2,0.1,0.1,0.1,0.1,0,0,0,0,0,0,0,0,0,0.1,0,0,0,0,0
      Manufacturing,2.1,2.6,2.9,2.9,3.2,3.5,3.5,3.6,3.6,4,4.4,4.7,4.7,4.8,4.9,4.9,5,5.1,5.2,5.4,5.6,5.8,6,6.4,6.7,7.1,7.5,8.1,9.5,10.3,11,12,13.9,16.3,18.6,20.5,21.6,22.3,23.3,24.5,25.7,26.9,30.4,33.6,36.7,38.9,41.3,43.6,47.2,51.3,55.7,60.7,67.3,74.8,83.8,92.1,99.3,105.8,114.2,124.1,133.4,144.5,156.9,158.7,164.9,175.6,187,200.7,211.5,218.6,227.4,239.9,254.6,267.4
        Equipment,1,1.2,1.5,1.5,1.7,1.8,1.8,1.9,1.9,2.1,2.3,2.4,2.5,2.6,2.6,2.5,2.6,2.6,2.6,2.7,2.8,2.8,2.9,3,3.2,3.2,3.3,3.5,4.1,4.7,5.1,5.5,6.3,7.3,8.4,9.1,9.6,9.8,10.2,10.9,11.5,12.2,12.9,13.5,14.3,14.6,15.1,15.7,17,18.8,20.5,22.2,24.8,28.1,32.3,36.5,40.9,44.5,48.7,52.9,57.4,61.8,67.6,69.2,72.6,78.3,84.9,90.8,95.8,99.3,103.1,107.6,113.1,117.3
        Structures,1.1,1.3,1.3,1.3,1.4,1.5,1.6,1.5,1.5,1.7,1.8,1.9,1.8,1.8,1.9,1.9,1.9,2,2.1,2.2,2.3,2.3,2.5,2.7,2.9,3.2,3.4,3.7,4.3,4.5,4.8,5.3,6.2,7.2,8.2,9,9.4,9.7,10.1,10.4,10.8,11.2,11.6,12.1,12.4,12.4,12.7,13.1,13.8,14.3,15,16,17.2,18.6,20.3,22.5,24.3,25.1,27.7,30.4,32.7,35.5,39.2,37.7,38.3,40.4,42.7,46.3,49,51.4,53,56.4,61.1,65.1
        Intellectual property products,0.1,0.1,0.1,0.1,0.1,0.2,0.2,0.2,0.2,0.3,0.3,0.3,0.4,0.4,0.5,0.5,0.5,0.5,0.5,0.5,0.6,0.6,0.6,0.6,0.7,0.7,0.8,0.9,1,1.1,1.2,1.2,1.5,1.8,2.1,2.4,2.6,2.8,3,3.2,3.4,3.5,5.9,8.1,10,11.8,13.5,14.7,16.4,18.2,20.1,22.5,25.2,28.1,31.2,33.1,34.1,36.2,37.8,40.7,43.2,47.2,50.1,51.7,54.1,57,59.4,63.7,66.6,67.8,71.4,75.8,80.4,85
      Nonfarm nonmanufacturing,38.7,47.5,51.7,51.9,60.3,66.8,69.4,71.5,73.4,81.8,90.6,96.2,98.5,102.9,105.8,110.8,117,123.3,132.8,143.5,156.8,168.9,185.6,205,226.4,252.5,278.3,312.4,368.9,393.6,423.1,467.5,525.8,606.5,694.1,789.4,851.6,889.9,956,1026.5,1099.9,1181.6,1273.7,1360.8,1427.3,1453.8,1498.1,1562.1,1643,1707.7,1772.5,1866.2,1982.4,2113.6,2265.9,2400.4,2522.5,2643.3,2903.5,3199,3502.5,3723.4,3967.8,3856.1,3919.9,4070.5,4184.5,4368.4,4532.6,4649.8,4801,5005.8,5288.2,5511
        Equipment,7.6,10.1,12.5,13.4,16.2,18.1,18.7,20.2,20.8,23.1,25.5,27.3,27.8,28.8,29.3,29.4,30.1,31,32.5,34.2,37.3,39.8,42.9,46.9,51.1,54.4,58.5,64.6,77.5,85.6,93,102.6,116.7,134.4,153.6,172.8,184,191.2,202.9,216.4,231.7,246.7,265.2,280.6,289.3,292.9,297.4,304.1,315,326.2,334,342.4,358.5,384.4,416.9,442.1,467.4,488.8,530.7,569.6,623.3,667.9,714.6,718.8,741,773.4,800.5,827.3,856.9,882.7,910.4,940.5,983.4,1018
        Structures,28.7,34.7,36.4,35.5,40.8,45.4,47.3,47.7,48.8,54.7,60.8,64.3,65.9,68.9,71.1,75.5,80.7,85.7,93.3,101.8,111.6,120.6,133.6,148.3,164.8,187.2,208.6,235.9,278.5,294.3,315.5,349.3,391.7,452.4,518,591,639.6,668.2,719.7,773.8,828.3,889.3,956.6,1021.3,1072,1087.7,1120.3,1171.8,1235.7,1283.5,1335.8,1414.1,1504.8,1596.7,1702.5,1805,1892.5,1980.8,2189.5,2434.1,2672.3,2833.8,3018.4,2892.3,2921.9,3025.1,3097.5,3234.8,3354.3,3432.5,3537,3693.5,3912.5,4079.7
        Intellectual property products,2.4,2.7,2.9,3,3.2,3.3,3.4,3.6,3.8,4,4.3,4.6,4.8,5.3,5.5,5.9,6.2,6.6,7,7.5,7.9,8.5,9.1,9.8,10.5,10.9,11.2,11.8,12.9,13.7,14.6,15.6,17.3,19.8,22.5,25.6,28.1,30.5,33.3,36.3,39.9,45.6,51.9,58.9,66,73.2,80.3,86.2,92.4,98.1,102.7,109.7,119.1,132.5,146.5,153.4,162.7,173.7,183.3,195.4,206.9,221.7,234.8,245,257,272,286.4,306.4,321.4,334.5,353.7,371.8,392.2,413.2
    By noncorporate legal form of organization:,,,,,,,,,,,,,,,,,,,,,,,,,,,,,,,,,,,,,,,,,,,,,,,,,,,,,,,,,,,,,,,,,,,,,,,,,,
      Sole proprietorships,25.5,31.6,35.6,36.4,42.1,46.1,47.8,48.8,49.1,53.4,57.3,59.7,60.2,61.9,62.5,63.8,66,68.4,72.2,76.6,82.3,87.3,94,101.7,110.1,120,129,143.7,171.2,185.1,200.8,223,253.2,294,333.7,377.9,399,406.3,424.1,439.4,456,474.2,498.7,520.2,535.9,536.3,542.5,558.8,582.8,603.2,621.5,646.4,672.6,695.5,720.8,738.3,750.6,763.2,814.8,875.4,927.6,955.1,988.6,935.2,929,947.7,962.3,995.2,1031,1042.2,1061,1084.7,1124,1151.9
        Equipment,7.9,10.3,13.3,14.7,17.5,19.3,20.2,21.4,21.4,23.2,24.5,25.9,26.5,27.2,27.4,27.2,27.7,28.4,29.5,31.2,33.7,35.9,38.1,40.9,44,46.6,49.3,55.4,67.4,75.1,82.5,91.6,104.4,122,136.7,152.2,158.1,159.1,162.1,163.9,167.5,170.1,177,182.5,185.7,185.7,185.9,189.6,197.1,205.4,211,217,221.3,223.5,224.9,222.3,220.1,218.7,225.2,229.9,235.8,239.3,244.8,238,236.2,239.6,244.2,251.1,261.3,262.2,260.8,261.7,268.8,273
        Structures,16.6,20.1,21,20.4,23.2,25.3,26.1,25.8,25.9,28.4,30.9,31.8,31.5,32.3,32.8,34.1,35.7,37.3,39.8,42.4,45.4,48.1,52.4,57.1,62.3,69.5,75.7,84.2,99.5,105.6,113.7,126.6,143.6,166.1,190.3,218.1,232.8,238.3,252.1,264.7,276.6,290.3,306.5,321,331.8,330.8,335.5,346.6,361.5,372,383.4,400.3,419.5,436.9,457.7,477.1,490.8,503.8,548,602.2,646.8,669.2,697.4,652.2,648.7,664.7,675.9,700.2,724.2,733,750.6,772.8,803.5,825.4
        Intellectual property products,1,1.2,1.3,1.3,1.4,1.5,1.5,1.6,1.7,1.8,1.9,2.1,2.1,2.3,2.4,2.5,2.6,2.7,2.9,3,3.1,3.3,3.4,3.6,3.9,3.9,4,4.1,4.3,4.5,4.7,4.8,5.3,5.9,6.7,7.5,8.2,8.9,9.9,10.9,12,13.8,15.2,16.8,18.4,19.8,21.2,22.6,24.2,25.8,27.1,29.1,31.7,35.1,38.1,38.9,39.7,40.7,41.6,43.3,45,46.6,46.3,45,44.1,43.3,42.2,43.9,45.5,47,49.5,50.2,51.7,53.5
      Partnerships,15.5,19,21,21.1,24.3,26.6,27.4,28.1,28.4,31.1,33.8,35.3,35.7,37,37.6,38.7,40.3,42,44.8,48.2,52.5,56.3,61.1,67,73.3,80.7,87.6,98,116.3,124.8,134.3,148.2,167.6,196.5,228.4,267.6,292,304.2,330.4,360.7,389.5,421.4,461.2,497.9,522.1,528.4,537.3,556.5,581.8,604.7,627.5,658.4,699.2,748.9,810.6,865.9,915.6,961.4,1061.7,1181.5,1304.1,1402.4,1509.7,1469.8,1501,1564.3,1618.5,1698.5,1784.2,1833.7,1901.4,1990,2104,2199.3
        Equipment,4.4,5.6,7,7.6,9,10,10.3,10.9,11.1,12.1,13,13.8,14,14.5,14.6,14.6,14.9,15.4,16.1,17.1,18.8,20.1,21.6,23.5,25.5,27.1,28.4,30.9,37,40.6,43.6,47.5,53.5,61.9,70.5,79.7,84.7,86.3,90.2,95,100.3,105.3,112.9,119.3,121.6,121.3,120.3,121.8,125.4,130.3,134.7,139.1,147.5,161.4,180.8,197.5,212.8,226.6,253,278.9,313.1,341.6,369,369.2,381.8,400.1,420,439.6,462.3,474.1,485.7,501.7,524.2,540.9
        Structures,10.1,12.1,12.6,12.1,13.7,15,15.5,15.3,15.4,17,18.6,19.2,19.3,19.8,20.2,21.2,22.3,23.5,25.4,27.6,30.1,32.4,35.6,39.3,43.4,49.2,54.7,62.5,74.4,79.2,85.4,95.2,108.2,128,150.5,179.6,198.5,208.4,229.7,254.1,276.4,301.2,329,354.8,372.2,374.4,380.3,394.5,412.5,426.9,441.9,464.5,491.4,518.6,551.2,583.4,611,635.5,703,788,867.7,925.6,997.4,952.8,965.6,1004.1,1032.6,1082,1135.7,1165.5,1209.9,1270.6,1348.8,1413
        Intellectual property products,1.1,1.3,1.4,1.4,1.6,1.6,1.7,1.8,1.9,2,2.2,2.3,2.4,2.6,2.7,2.9,3.1,3.2,3.3,3.5,3.6,3.8,3.9,4.2,4.4,4.4,4.5,4.6,4.9,5,5.3,5.4,5.9,6.6,7.4,8.3,8.9,9.5,10.5,11.6,12.9,14.9,19.3,23.8,28.3,32.7,36.7,40.2,43.8,47.5,50.8,54.8,60.4,68.8,78.6,85,91.8,99.2,105.7,114.6,123.4,135.2,143.3,147.9,153.5,160.1,165.9,177,186.2,194.1,205.7,217.6,231,245.4
      Nonprofit institutions,14.2,17.2,18,18,21.1,23.6,24.9,25.5,26.6,29.9,33.3,35.8,36.8,38.8,40.6,43.6,47.1,50.4,55.2,60.4,66.6,72.3,80.5,89.7,99.8,113.2,126.9,143.2,169.1,179.5,192.9,213.5,238.5,271.8,306.2,334.2,356.8,375.8,399.1,419.1,445.6,475.1,506,539.1,570.1,590.1,619.6,651.8,691.3,719.1,749.7,797.3,857.3,922,993.8,1061.5,1125.4,1194.9,1319.4,1453.8,1593,1692.8,1801.7,1771.5,1809,1891.2,1960.4,2067.6,2143.8,2212.8,2289.6,2392.4,2536.8,2645.5
        Equipment,0.5,0.7,0.9,1,1.3,1.5,1.6,1.9,2,2.3,2.6,2.9,3.1,3.4,3.6,3.8,4.1,4.3,4.7,5.1,5.6,6.1,6.6,7.3,8,8.7,10.2,12.1,15.9,18.6,21.1,23.7,27,30.6,35,38.9,41.3,43.8,46.6,48.8,52.5,56.7,61.3,66.4,72.1,76.8,81,83.3,85.8,88.5,89.9,93.1,102.2,112.9,125.9,138.8,153.4,166.2,182.4,196.2,213.5,230.1,253.5,267,283.3,305.8,325.3,344.5,362.5,382.2,400.3,415.8,436.7,455.2
        Structures,13.3,16.2,16.8,16.7,19.5,21.7,22.9,23.2,24.1,27.2,30.2,32.3,33.1,34.7,36.3,38.9,42,44.9,49.2,53.8,59.3,64.2,71.6,79.8,88.9,101.4,113.3,127.1,148.6,155.8,166,183.4,204,232.4,260.8,283.3,302,317.3,336.8,353.6,375,398.2,421.7,446.7,469,481.2,503,530.8,565.2,588.2,615.5,656.5,703.7,753.3,808,861.3,907.7,959.9,1064.1,1180.5,1298.9,1376.8,1454.3,1402.5,1414.6,1462.8,1501,1577.6,1628.9,1673.1,1723.4,1801.7,1916,1997.9
        Intellectual property products,0.3,0.3,0.3,0.3,0.3,0.4,0.4,0.4,0.4,0.5,0.5,0.6,0.6,0.7,0.8,0.9,1,1.2,1.3,1.5,1.7,2,2.3,2.6,2.9,3.1,3.5,4,4.6,5.1,5.7,6.4,7.5,8.8,10.4,12.1,13.4,14.6,15.7,16.7,18.1,20.2,23,26,28.9,32.1,35.6,37.7,40.3,42.4,44.3,47.7,51.5,55.8,59.9,61.4,64.2,68.8,72.8,77.1,80.6,85.9,93.9,102,111.1,122.7,134,145.4,152.4,157.5,165.9,174.9,184.1,192.5
      Households,0.3,0.4,0.4,0.4,0.5,0.5,0.6,0.6,0.6,0.7,0.8,0.8,0.8,0.9,0.9,0.9,1,1,1.1,1.2,1.4,1.5,1.7,1.9,2.1,2.4,2.6,3,3.4,3.5,3.7,3.9,4.2,5.1,6,6.9,7.9,8.7,10,11.8,13.4,15,16.7,18.3,19.9,20.5,20.8,21.6,22.6,23.4,24.4,25.8,27.9,30.1,32.3,34,36.3,37.4,41.3,45.3,49.7,53.7,58.9,57.1,57.9,60.2,62.5,66.3,69.9,73.9,79,86.4,94.6,101.7
        Equipment,0.1,0.1,0.1,0.1,0.2,0.2,0.2,0.2,0.2,0.3,0.3,0.4,0.3,0.4,0.4,0.4,0.4,0.4,0.4,0.4,0.5,0.5,0.6,0.7,0.8,0.8,0.9,0.9,1,1,1,1,1,1.1,1.2,1.2,1.3,1.4,1.5,1.7,1.9,2,2.2,2.4,2.5,2.5,2.4,2.3,2.3,2.3,2.3,2.4,2.3,2.4,2.5,2.6,3,3.1,3.4,3.6,3.9,4.2,4.6,4.6,4.9,5.1,5.5,6.3,6.8,7.3,8,8.6,9.3,9.8
        Structures,0.3,0.3,0.3,0.3,0.3,0.4,0.4,0.4,0.4,0.4,0.4,0.5,0.5,0.5,0.5,0.5,0.6,0.6,0.7,0.8,0.9,0.9,1.1,1.2,1.4,1.6,1.8,2.1,2.4,2.5,2.7,3,3.3,4,4.8,5.7,6.6,7.3,8.5,10,11.5,13,14.5,16,17.4,18,18.5,19.3,20.3,21.1,22.1,23.5,25.5,27.6,29.7,31.4,33.2,34.3,37.8,41.4,45.6,49.3,54.1,52.2,52.7,54.8,56.7,59.6,62.6,66.1,70.4,77.1,84.6,91.2
        Intellectual property products,0,0,0,0,0,0,0,0,0,0,0,0,0,0,0,0,0,0,0,0,0,0,0,0,0,0,0,0,0,0,0,0,0,0,0,0,0,0,0,0,0,0,0,0,0,0,0,0,0,0,0,0,0,0.1,0.1,0,0.1,0.1,0.2,0.2,0.2,0.2,0.2,0.3,0.3,0.3,0.3,0.4,0.5,0.5,0.6,0.6,0.6,0.7
      Tax-exempt cooperatives,1,1.4,1.8,2,2.4,2.7,3,3.2,3.4,3.8,4.3,4.6,4.7,4.9,5.1,5.2,5.4,5.6,5.9,6.2,6.5,7.2,7.8,8.4,9.4,10.4,11.2,12.8,15.5,17.9,20.1,22.4,24.6,28.4,31.8,34.3,35.4,35.5,35.7,37.6,38.9,40,41.9,43.5,44.8,45.4,46.5,48.3,50,51.9,53.1,54.9,56.1,58.7,63.4,68.2,71.9,75.8,82.3,88.3,97.7,108.2,118.1,118.8,125.8,130.8,132.9,133.7,135.7,135.9,137.7,140.5,146.6,150.5
        Equipment,0.5,0.6,0.8,0.8,1,1.1,1.2,1.3,1.3,1.4,1.6,1.7,1.7,1.7,1.8,1.8,1.9,1.9,2,2,2.2,2.3,2.5,2.7,2.9,3.1,3.3,3.5,4.2,5.1,5.8,6.7,7.1,8.2,9.4,10,10.1,9.9,9.7,10.8,11.4,11.6,11.9,12.5,13.1,13.2,13.5,13.9,14.3,14.8,15.1,15.4,15.7,16.5,17.9,19.4,20.9,22.2,23.9,25.9,29.2,32.7,35.9,37.2,38.7,40.3,40.7,40.8,41.1,40.7,40.9,41.2,42.1,42.5
        Structures,0.6,0.8,1,1.1,1.4,1.6,1.7,1.9,2.1,2.3,2.6,2.8,3,3.2,3.2,3.3,3.5,3.7,3.9,4.1,4.3,4.8,5.2,5.7,6.4,7.2,7.8,9.2,11.1,12.7,14.2,15.6,17.3,20,22.2,24.1,25.1,25.4,25.7,26.6,27.1,28.1,29.6,30.6,31.2,31.7,32.4,33.8,35,36.4,37.2,38.6,39.5,41.1,44.3,47.7,49.9,52.6,57.4,61.4,67.5,74.5,80.9,80,85.1,88,88.8,89.5,91.2,91.9,93.5,95,99.3,101.8
        Intellectual property products,0,0,0,0,0,0,0,0,0,0,0,0,0,0,0,0,0,0,0,0,0,0,0.1,0.1,0.1,0.1,0.1,0.1,0.1,0.1,0.1,0.1,0.1,0.2,0.2,0.2,0.2,0.2,0.2,0.3,0.3,0.4,0.4,0.4,0.5,0.5,0.6,0.6,0.7,0.8,0.8,0.9,0.9,1,1.1,1.2,1.1,1,1,1,1,1,1.2,1.6,2,2.6,3.4,3.4,3.4,3.3,3.4,4.3,5.2,6.2